"ID","Categoría","Pregunta","Respuesta Correcta (Ground Truth)"
"1","PREGUNTAS DIRECTAS","¿Cuál es el propósito principal de un sistema operativo?","El propósito de un sistema operativo es proporcionar un entorno en el que el usuario pueda ejecutar programas de manera práctica y eficiente."
"2","PREGUNTAS DIRECTAS","¿Qué es una capa de software de nivel i en la arquitectura por capas de un SO?","Es un conjunto de programas que trabajan directamente con la interfaz de su nivel inferior (i - 1) y presentan a su nivel superior (i + 1) una interfaz que permite utilizar el nivel inferior de una forma más sencilla."
"3","PREGUNTAS DIRECTAS","¿Cómo se define un proceso en el contexto de los sistemas de tiempo compartido?","En este contexto, un proceso se define como un programa en memoria y en ejecución."
"4","PREGUNTAS DIRECTAS","¿Cuáles son las dos funciones generales que realiza un sistema operativo?","Realiza dos funciones: la constitución de una máquina virtual o extendida y la utilización compartida de los recursos."
"5","PREGUNTAS DIRECTAS","¿En qué consiste la memoria virtual?","Es una técnica de gestión de memoria que permite ejecutar procesos que no están ubicados por completo en la memoria principal, posibilitando que el espacio de direcciones virtuales sea mayor que el espacio de direcciones reales."
"6","PREGUNTAS DIRECTAS","¿Qué es el shell o intérprete de órdenes?","Es un programa de sistema que sirve de interfaz entre el sistema operativo y un usuario, permitiendo a este último ejecutar programas."
"7","PREGUNTAS DIRECTAS","¿Qué ocurre físicamente cuando se ejecuta una instrucción ""trap""?","El hardware guarda el contador de programa y la palabra de estado del procesador (PSW) en un lugar seguro de la memoria, y se carga un nuevo contador de programa y una nueva PSW que dirigen a una parte del sistema operativo."
"8","PREGUNTAS DIRECTAS","¿Cuál es la diferencia de privilegios entre el ""modo supervisor"" y el ""modo usuario""?","En el modo supervisor (núcleo) el software tiene control total del procesador y acceso a todas las instrucciones, registros y memoria; en modo usuario no se permite la ejecución de instrucciones reservadas como operaciones de E/S o gestión de memoria."
"9","PREGUNTAS DIRECTAS","¿Qué caracteriza a un sistema operativo monolítico?","Se caracteriza por escribirse como una colección de procedimientos donde cada uno es visible a los demás y puede llamarlos libremente, existiendo una ocultación de información prácticamente nula."
"10","PREGUNTAS DIRECTAS","¿Qué función cumple el ""hipervisor"" o VMM?","El hipervisor (Virtual Machine Monitor) maneja las traducciones entre recursos físicos y virtuales, proporciona la capa de abstracción y gestiona la creación y soporte de máquinas virtuales."
"11","PREGUNTAS DIRECTAS","¿Qué es un PCB (Process Control Block) y para qué sirve?","Es la estructura de datos central del sistema operativo que contiene toda la información de un proceso necesaria para su control, como identificación, estado del procesador e información de planificación."
"12","PREGUNTAS DIRECTAS","¿Qué sucede durante una transición de estado ""En ejecución a Listo""?","El proceso que ocupaba la CPU pasa a estado listo porque ha agotado su tiempo máximo de ejecución permitido (cuanto), permitiendo que el sistema operativo asigna la CPU a otro proceso."
"13","PREGUNTAS DIRECTAS","¿Qué hace la llamada al sistema fork() en UNIX?","Crea un proceso hijo que es una copia del espacio de direcciones del proceso padre; tras la llamada, el hijo recibe un código de retorno de cero y el padre recibe el identificador del proceso hijo."
"14","PREGUNTAS DIRECTAS","¿Cuál es la misión del dispatcher o despachador?","Su misión consiste en asignar la CPU a uno de los procesos preparados del sistema siguiendo un determinado algoritmo de planificación."
"15","PREGUNTAS DIRECTAS","¿Qué diferencia al ""reloj de interrupciones"" del ""reloj hardware""?","El reloj hardware sincroniza todas las tareas de la máquina a frecuencias muy altas (MHz), mientras que el reloj de interrupciones es gestionado por el SO a una frecuencia menor para recuperar el control de la CPU periódicamente."
"16","PREGUNTAS DIRECTAS","¿Qué es un hilo (thread) y qué comparte con otros hilos del mismo proceso?","Es una unidad básica de utilización de la CPU dentro de un proceso que comparte con otros hilos del mismo proceso la sección de código, la sección de datos y otros recursos como archivos abiertos."
"17","PREGUNTAS DIRECTAS","¿Qué es la fragmentación interna en la gestión de memoria?","Es el desperdicio de espacio que ocurre cuando el tamaño de un proceso es menor que el de la partición o página asignada, quedando una parte de la memoria inutilizada dentro de dicha unidad."
"18","PREGUNTAS DIRECTAS","¿Qué es un fallo de página y qué lo desencadena?","Es una interrupción hardware que se produce cuando un proceso intenta acceder a una página que no está presente en la memoria principal, detectada mediante un bit de presencia inválido en la tabla de páginas."
"19","PREGUNTAS DIRECTAS","¿En qué consiste la ""anomalía de Belady""?","Consiste en que, al usar el algoritmo de reemplazo FIFO, la tasa de fallos de página puede aumentar al incrementar el número de marcos de memoria asignados."
"20","PREGUNTAS DIRECTAS","¿Qué es el tiempo de búsqueda (seek time) en un disco?","Es el tiempo necesario para mover el brazo del disco hasta la pista o cilindro solicitado."
"21","PREGUNTAS DIRECTAS","¿Qué significan las siglas RAID?","Significan ""Redundant Array of Independent Disks"" (conjunto redundante de discos independientes)."
"22","PREGUNTAS DIRECTAS","¿Qué es un ""i-nodo"" en el sistema de archivos de UNIX?","Es una estructura de datos asociada a un fichero que contiene sus atributos (tipo, tamaño, propietario, permisos) y la información para localizar sus bloques de datos en el disco."
"23","PREGUNTAS DIRECTAS","¿Cuál es la función del ""shebang"" (#!) en un script de Bash?","Indica al sistema operativo qué intérprete de órdenes debe utilizarse para ejecutar el archivo que contiene el script."
"24","PREGUNTAS DIRECTAS","¿Qué almacena la variable especial $# en Bash?","Almacena el número de argumentos o parámetros posicionales que se han pasado al script durante su llamada."
"25","PREGUNTAS DIRECTAS","¿Para qué sirve el operador ""-d"" en una condición de Bash?","Sirve para comprobar si una ruta específica existe y corresponde a un directorio."
"26","PREGUNTAS DIRECTAS","¿Qué hace el comando ""umask""?","Establece o muestra la máscara de creación de ficheros, la cual determina qué permisos se desactivarán automáticamente al crear nuevos archivos o directorios."
"27","PREGUNTAS DIRECTAS","¿Cuál es la diferencia entre ""$*"" y ""$@"" entre comillas dobles?","""$*"" trata todos los argumentos como una única cadena unida por espacios, mientras que ""$@"" trata cada argumento como un elemento independiente preservando su integridad individual."
"28","PREGUNTAS DIRECTAS","¿Qué UID se asigna siempre al usuario ""root""?","Se le asigna siempre el UID 0."
"29","PREGUNTAS DIRECTAS","¿Qué información contiene el archivo /etc/shadow?","Contiene los nombres de usuario, sus contraseñas cifradas y diversos campos para el control de caducidad y fechas de las contraseñas."
"30","PREGUNTAS DIRECTAS","¿Qué es un ""monitor"" en programación concurrente?","Es un módulo de sincronización que encapsula variables internas y procedimientos, garantizando que solo un proceso a la vez pueda ejecutar sus procedimientos de acceso (exclusión mutua implícita)."
"31","PREGUNTAS DIRECTAS","¿Qué hace la operación ""delay(c)"" en un monitor?","Suspende el proceso que la invoca en la variable condición c y libera la exclusión mutua del monitor para que otro proceso pueda entrar."
"32","PREGUNTAS DIRECTAS","¿En qué consiste el swapping o intercambio de procesos?","Consiste en trasladar procesos completos entre la memoria principal y la memoria secundaria (disco) para aumentar el número de procesos que pueden ejecutarse concurrentemente."
"33","PREGUNTAS DIRECTAS","¿Qué indica el estado ""ii"" en un listado de ""dpkg -l""?","Indica que el paquete debería estar instalado (primer 'i') y que realmente está instalado en el sistema (segundo 'i')."
"34","PREGUNTAS DIRECTAS","¿Para qué sirve el comando ""export"" en Bash?","Marca una variable del shell como variable de entorno, de forma que su valor pase al entorno heredado por los procesos hijos que se ejecuten desde esa sesión."
"35","PREGUNTAS DIRECTAS","¿Qué es el principio de localidad de referencia?","Es la tendencia de los programas a agrupar sus referencias a memoria en pequeñas zonas del espacio de direcciones que cambian de forma intermitente."
"36","PREGUNTAS DIRECTAS","¿Qué es el spooling y sobre qué tipo de dispositivos se aplica?","Es una técnica donde las E/S se realizan sobre un soporte intermedio (disco) antes de ir al dispositivo final; se aplica sobre dispositivos no compartibles como impresoras."
"37","PREGUNTAS DIRECTAS","¿Qué es el pipe (|) en Linux?","Es un operador que conecta la salida estándar de una orden con la entrada estándar de la siguiente, creando un canal de comunicación entre procesos."
"38","PREGUNTAS DIRECTAS","¿Qué hace el comando cut y cómo divide el texto?","Toma una línea de texto y la divide en campos utilizando un carácter delimitador (especificado con -d), permitiendo extraer columnas específicas."
"39","PREGUNTAS DIRECTAS","¿Qué caracteriza al algoritmo de reemplazo de páginas LRU?","Se caracteriza por reemplazar la página que no ha sido utilizada hace más tiempo, usando el pasado reciente como aproximación del futuro."
"40","PREGUNTAS DIRECTAS","¿Qué es el directorio de trabajo de un proceso?","Es el directorio dentro del sistema de ficheros en el que se encuentra situado el usuario o proceso en un momento determinado."
"41","SÍNTESIS / MULTIHOP","¿Qué pasos ocurren desde que se ejecuta fork() hasta que el proceso hijo carga un programa nuevo con exec()?","Tras fork(), el SO crea un proceso hijo que es una copia exacta del padre (código, datos, pila y BCP). Ambos continúan la ejecución en la instrucción siguiente, diferenciándose por el código de retorno: 0 para el hijo y el PID del hijo para el padre. Posteriormente, el hijo invoca exec(), llamada que carga un nuevo archivo binario en memoria, destruyendo la imagen del programa anterior y comenzando la ejecución del nuevo programa."
"42","SÍNTESIS / MULTIHOP","¿Cómo difieren la fragmentación interna y externa según el esquema de gestión de memoria usado: particiones estáticas, dinámicas o paginación?","En particiones estáticas, se produce fragmentación interna cuando el proceso es menor que la partición asignada. En particiones dinámicas, se evita la fragmentación interna pero aparece la externa al quedar huecos pequeños dispersos tras la entrada/salida de procesos. En paginación, no hay fragmentación externa, pero sí una pequeña fragmentación interna en la última página de cada proceso."
"43","SÍNTESIS / MULTIHOP","¿Qué secuencia de eventos ocurre desde el reset del hardware hasta que el kernel queda cargado y en ejecución?","Al producirse el reset, la CPU carga una dirección de memoria predefinida donde reside el programa de arranque (bootstrap) en ROM/EEPROM. Este programa realiza diagnósticos del hardware e inicializa registros y memoria. Luego, lee el bloque de arranque (bloque 0) del disco, el cual contiene el código necesario para localizar el kernel, cargarlo por completo en la memoria principal e iniciar su ejecución."
"44","SÍNTESIS / MULTIHOP","¿Qué relación hay entre el bit de presencia y el bit de modificación de una página cuando se produce un fallo de página?","El bit de presencia indica si la página está en RAM; si es 0, se dispara el fallo de página. Durante la resolución, si no hay marcos libres, el SO elige una víctima y consulta su bit de modificación (dirty bit). Si está activo, el SO debe escribir la página en disco antes de sustituirla; si no ha sido modificada, el reemplazo es más rápido al no requerir escritura."
"45","SÍNTESIS / MULTIHOP","¿Por qué los sistemas de tiempo compartido necesitan un reloj de interrupciones y planificación apropiativa para garantizar tiempos de respuesta?","El tiempo compartido busca que los usuarios interactúen con sus programas. El reloj de interrupciones permite al SO recuperar el control de la CPU periódicamente. La planificación apropiativa es vital porque permite expulsar a un proceso que agota su ""cuanto"" de tiempo, evitando que procesos largos monopolicen el procesador y asegurando atención regular a todos."
"46","SÍNTESIS / MULTIHOP","¿Qué pasos sigue el SO para resolver la ruta absoluta /usr/ast/mbox en un sistema de archivos UNIX?","Localiza el i-nodo del directorio raíz. Lee su bloque de datos para buscar la entrada ""usr"" y obtener su i-nodo. Accede al i-nodo de ""usr"", localiza sus datos para buscar ""ast"" y obtiene su i-nodo. Repite el proceso para encontrar ""mbox"" dentro de ""ast"", cargando finalmente el i-nodo de ""mbox"" para acceder a sus bloques de datos."
"47","SÍNTESIS / MULTIHOP","¿Qué diferencia hay entre un enlace duro y un enlace simbólico cuando se borra el archivo original?","Un enlace duro apunta al i-nodo; si se borra el nombre original, el archivo persiste mientras el contador de enlaces sea mayor a cero. Un enlace simbólico es un archivo independiente que contiene la ruta; si el original se borra, el enlace simbólico permanece pero queda ""roto"" al apuntar a una ruta inexistente."
"48","SÍNTESIS / MULTIHOP","¿Cómo afecta el tamaño de página al espacio ocupado por las tablas de páginas y a la eficiencia de las operaciones de E/S?","Un tamaño pequeño reduce la fragmentación interna pero requiere tablas de páginas más grandes que consumen más memoria. Un tamaño grande hace las tablas más pequeñas y mejora la eficiencia de E/S, ya que los tiempos de búsqueda y latencia del disco se amortizan mejor al transferir más datos por operación."
"49","SÍNTESIS / MULTIHOP","¿Qué ocurre internamente desde que un proceso ejecuta una llamada read() hasta que el dato llega a su espacio de direcciones?","El proceso hace un trap y el SO toma el control en modo núcleo. El proceso pasa a bloqueado y el SO envía la solicitud al controlador. El controlador realiza la transferencia a un búfer del kernel. Al terminar, se genera una interrupción, el SO copia los datos al espacio del proceso y lo pasa a listo."
"50","SÍNTESIS / MULTIHOP","¿En qué se diferencian los hilos a nivel de usuario (ULT) y los hilos a nivel de kernel (KLT) en un sistema multiprocesador?","En los ULT, el kernel no conoce los hilos y planifica el proceso como una unidad, impidiendo ejecución paralela en varias CPUs. En los KLT, el núcleo gestiona y planifica cada hilo individualmente, permitiendo que un único proceso aproveche el paralelismo real ejecutando sus hilos en distintos procesadores a la vez."
"51","SÍNTESIS / MULTIHOP","¿Por qué cd debe ser una orden interna del shell en lugar de un programa externo?","El directorio de trabajo es un atributo del PCB. Si cd fuera externo, el shell crearía un hijo para ejecutarlo; el hijo cambiaría su propio directorio y terminaría, pero el directorio de trabajo del shell (proceso padre) permanecería inalterado."
"52","SÍNTESIS / MULTIHOP","¿Qué relación existe entre la memoria virtual y el intercambio (swapping)? ¿En qué mejora la primera al segundo?","El swapping traslada procesos completos. La memoria virtual permite que solo las partes necesarias (páginas) estén en RAM. Esto mejora al intercambio al permitir ejecutar programas más grandes que la memoria física y aumentar el nivel de multiprogramación al no requerir el proceso entero cargado."
"53","SÍNTESIS / MULTIHOP","¿Cómo se combinan los algoritmos de planificación de disco y la caché de disco para mejorar el rendimiento de las operaciones de E/S?","La planificación (SCAN, SSTF) reduce el tiempo medio de acceso al minimizar el movimiento físico del brazo del disco. La caché de disco mejora el rendimiento al almacenar sectores usados en RAM; si el dato está ahí, se sirve inmediatamente evitando la lenta operación mecánica del disco."
"54","SÍNTESIS / MULTIHOP","¿Cómo se usan $# y los parámetros posicionales juntos para escribir scripts de Bash robustos ante argumentos incorrectos?","Se utiliza $# para verificar si el número de argumentos coincide con lo esperado mediante un if. Si es correcto, el script accede a los valores mediante los parámetros posicionales ($1, $2). Esto evita errores de ejecución y lógica al intentar usar parámetros inexistentes (cadena vacía)."
"55","SÍNTESIS / MULTIHOP","¿Cómo garantiza un monitor la exclusión mutua y qué ocurre con un proceso que intenta entrar mientras otro ya está dentro?","Garantiza la exclusión mutua implícita permitiendo solo un proceso a la vez en sus procedimientos. Si un proceso intenta entrar mientras otro ya está dentro, el nuevo proceso queda bloqueado a la entrada del monitor hasta que el primero termine o se suspenda voluntariamente (delay)."
"56","SÍNTESIS / MULTIHOP","¿Por qué FIFO puede perjudicar a los procesos cortos en un sistema interactivo y cómo lo soluciona Round Robin?","En FIFO, si un proceso largo llega primero, los cortos esperan a que termine, elevando el tiempo de respuesta. Round Robin soluciona esto con un cuanto de tiempo; al agotarse, el proceso va al final de la cola, permitiendo que los procesos cortos avancen y terminen rápidamente."
"57","SÍNTESIS / MULTIHOP","¿Cómo funcionan los mapas de bits y las listas enlazadas para gestionar el espacio libre en disco, y cuáles son las ventajas de cada uno?","El mapa de bits usa un bit por bloque; su ventaja es la eficiencia de acceso directo si cabe en RAM. La lista enlazada conecta bloques libres; su ventaja es que no requiere estructuras costosas de implementar y facilita inserciones, aunque el acceso directo es lento al recorrer punteros en disco."
"58","SÍNTESIS / MULTIHOP","¿Cómo funciona la tabla de páginas invertida y por qué resulta más eficiente en sistemas de 64 bits que la tabla convencional?","Tiene una sola entrada por cada marco de página real en el sistema, accedida por hash (página + PID). Es más eficiente en 64 bits porque ocupa una cantidad fija y proporcional de la memoria física, independientemente de cuán inmenso sea el espacio de direccionamiento virtual."
"59","SÍNTESIS / MULTIHOP","¿Por qué existe una jerarquía de memoria con cachés y cuál es el principio en que se basa su eficacia?","Existe para equilibrar la diferencia de velocidad entre CPU y disco. Su eficacia se basa en el principio de localidad de referencia: los programas acceden repetidamente a subconjuntos pequeños de instrucciones y datos, permitiendo que la mayoría de peticiones se resuelvan en las capas rápidas (cachés)."
"60","SÍNTESIS / MULTIHOP","¿Qué relación hay entre umask y chmod? ¿Cuándo actúa cada uno sobre los permisos de un fichero?","umask actúa en el momento de la creación del fichero aplicando una máscara por defecto. chmod se utiliza a posteriori para modificar explícitamente los permisos de ficheros que ya existen en el sistema."
"61","SÍNTESIS / MULTIHOP","¿Qué es la hiperpaginación (thrashing), cómo se relaciona con el principio de localidad y cómo ayuda el modelo del conjunto de trabajo a evitarla?","La hiperpaginación ocurre cuando un sistema pasa más tiempo paginando que ejecutando. Se relaciona con la localidad porque los procesos acceden a páginas en grupos. El modelo del conjunto de trabajo evita esto asegurando que cada proceso tenga marcos suficientes para su ""conjunto activo""; si la demanda total supera la RAM, suspende procesos."
"62","SÍNTESIS / MULTIHOP","¿Cuál es la diferencia entre el direccionamiento en segmentación pura y en segmentación paginada?","En segmentación pura, la tabla de segmentos contiene la dirección física base del segmento contiguo. En segmentación paginada, la entrada de la tabla de segmentos apunta a una tabla de páginas específica para ese segmento; el desplazamiento se divide para localizar el marco físico final."
"63","SÍNTESIS / MULTIHOP","¿Cómo protegen los registros base y límite la memoria de un proceso en un esquema de asignación contigua?","El registro base contiene la dirección física inicial para reubicación. El registro límite almacena la longitud permitida. El hardware verifica en cada acceso que la dirección no supere el límite; si ocurre, se genera una interrupción por violación de memoria y el SO elimina el proceso."
"64","SÍNTESIS / MULTIHOP","¿Cómo funcionan los operadores && y || en Bash para controlar el flujo de ejecución según el resultado de los comandos anteriores?","Funcionan según el estado de salida. El operador && ejecuta la segunda orden solo si la primera tiene éxito (salida 0). El operador || ejecuta la segunda orden solo si la primera falla (salida distinta de 0). Esto permite encadenar acciones dependientes."
"65","SÍNTESIS / MULTIHOP","¿Qué implicaciones tiene usar retorno forzado (resume) en el diseño de un monitor frente al retorno no forzado?","Con retorno forzado, al ejecutar resume(c), el proceso despertado reanuda inmediatamente y el señalizador abandona el monitor de forma forzada. Esto garantiza que la condición sigue siendo cierta, permitiendo usar if antes del delay. En diseños no forzados, el despertado debe usar while para re-comprobar el estado."
"66","SÍNTESIS / MULTIHOP","¿Por qué las instrucciones de E/S son privilegiadas y qué mecanismo debe usar un proceso de usuario para solicitarlas?","Son privilegiadas para evitar que procesos accedan directamente al hardware e interfieran entre sí. El proceso de usuario debe invocar una llamada al sistema (read/write); esto ejecuta un trap que conmuta a modo supervisor, permitiendo al SO realizar la operación de forma segura."
"67","SÍNTESIS / MULTIHOP","¿En qué se diferencian RAID 0+1 y RAID 1+0 en cuanto a tolerancia a fallos de disco?","En RAID 0+1 se hace un espejo de dos conjuntos en bandas; si un disco falla, todo ese conjunto queda degradado. En RAID 1+0 se crean parejas en espejo y luego se distribuyen bandas; es más tolerante porque permite fallos en un disco de cada pareja de espejos simultáneamente."
"68","SÍNTESIS / MULTIHOP","¿Qué diferencia hay entre una variable local del shell y una variable de entorno exportada con export?","Una variable local solo es accesible dentro del proceso del shell donde se definió. Al usar export, se convierte en variable de entorno, incluyéndose en el entorno que heredan los procesos hijos (scripts o programas externos), permitiendo que estos la utilicen."
"69","SÍNTESIS / MULTIHOP","¿Cómo comprueba fsck la consistencia de los bloques en un sistema de archivos y qué hace si encuentra un error?","Usa contadores para verificar que cada bloque esté en exactamente un fichero o en la lista de libres. Si un bloque está ""perdido"", lo añade a libres. Si aparece en ambas listas, reconstruye la lista de libres. Si aparece en dos ficheros, copia el contenido a un nuevo bloque para resolver el conflicto."
"70","SÍNTESIS / MULTIHOP","¿Por qué LRU es considerado una buena aproximación al algoritmo óptimo y cuáles son sus limitaciones prácticas de implementación?","Se basa en el principio de localidad: lo usado recientemente se usará pronto. Su limitación es la sobrecarga; implementar un LRU ""puro"" requiere hardware costoso o mantenimiento de listas en cada referencia, lo cual es muy lento. Por ello, se usan aproximaciones basadas en bits de referencia."
"71","SÍNTESIS / MULTIHOP","¿Por qué la asignación enlazada de bloques en disco penaliza el acceso aleatorio frente a la asignación indexada (FAT o i-nodo)?","En la enlazada, los punteros están dispersos; para el bloque i hay que leer secuencialmente los i-1 previos. En la indexada, los punteros se agrupan en una estructura central (FAT o i-nodo) permitiendo calcular la dirección exacta y acceder directamente sin lecturas intermedias."
"72","SÍNTESIS / MULTIHOP","¿Qué diferencia hay entre la planificación a largo, medio y corto plazo en un sistema operativo?","El largo plazo decide qué programas entran al sistema como procesos. El medio plazo gestiona el movimiento entre RAM y disco (swapping). El corto plazo selecciona de la cola de listos qué proceso ocupará la CPU a continuación con alta frecuencia para garantizar tiempos de respuesta."
"73","SÍNTESIS / MULTIHOP","¿Qué relación existe entre las arquitecturas multinúcleo y la técnica de memoria comprimida?","La memoria comprimida comprime páginas en RAM en lugar de moverlas al disco. Las arquitecturas multinúcleo permiten paralelizar esto: un núcleo ejecuta código mientras otro gestiona la compresión/descompresión simultánea de páginas bloqueadas, mejorando rendimiento y eficiencia."
"74","SÍNTESIS / MULTIHOP","¿Cuál es la diferencia entre usar comillas dobles y comillas simples en Bash respecto a la expansión de variables?","Las comillas dobles permiten expansión de variables ($var) e interpretación de caracteres de escape. Las comillas simples deshabilitan toda interpretación: el contenido se trata de forma literal y no se expande ninguna variable ni comando."
"75","SÍNTESIS / MULTIHOP","¿Por qué la anomalía de Belady no puede afectar a LRU ni al algoritmo óptimo, y sí puede afectar a FIFO?","LRU y Óptimo son algoritmos de pila: n marcos siempre son subconjunto de n+1 marcos, garantizando que más memoria no aumente fallos. En FIFO, la antigüedad no garantiza utilidad futura; al aumentar marcos, una página necesaria puede ser expulsada por ser la más antigua."
"76","SÍNTESIS / MULTIHOP","¿Qué papel juegan /etc/passwd y /etc/shadow en la seguridad del sistema y por qué se separa la información en dos archivos?","/etc/passwd contiene información pública necesaria para utilidades. Las contraseñas cifradas se mueven a /etc/shadow, un archivo restringido accesible solo por root. Esta separación evita ataques de fuerza bruta al no exponer los hashes de contraseñas a usuarios comunes."
"77","SÍNTESIS / MULTIHOP","¿Cómo influyen el tiempo de búsqueda y la latencia rotacional en el tiempo total de acceso a disco, y cómo lo gestiona la planificación?","El tiempo de búsqueda (mover el brazo) es el componente más lento. La latencia rotacional es la espera al sector. La planificación (SCAN, SSTF) reordena peticiones pendientes para minimizar el movimiento del brazo, reduciendo el tiempo de respuesta y aumentando la productividad."
"78","SÍNTESIS / MULTIHOP","¿Cómo encuentra Bash un comando externo cuando se lo ejecutas, y qué papel juega la tabla hash interna en ese proceso?","Recorre los directorios en PATH. Para evitar búsquedas lentas en disco, usa una tabla hash interna donde memoriza rutas de comandos encontrados. Si está en la tabla, se ejecuta al instante; si un ejecutable se mueve, se requiere 'hash -r' para actualizar el registro."
"79","SÍNTESIS / MULTIHOP","¿Qué función cumple la instrucción trap en el mecanismo de llamadas al sistema y qué garantía de seguridad proporciona?","Provoca un cambio forzado al SO. Su garantía es que realiza automáticamente el cambio de modo usuario a modo supervisor salvando el estado. Asegura que el usuario no salte el control del SO ni ejecute instrucciones privilegiadas que comprometan el hardware."
"80","INFERENCIA / CASOS DE BORDE","En un monitor con retorno forzado, ¿qué ocurre con las instrucciones que aparecen después de un resume(c) en el código del proceso que despierta?","El proceso que despierta (Q) reanuda en la instrucción posterior al delay(c). El proceso señalizador (P) es forzado a abandonar el monitor inmediatamente al ejecutar resume(c), por lo que cualquier instrucción después del resume en el código de P no se ejecutará."
"81","INFERENCIA / CASOS DE BORDE","¿Puede LRU sufrir la anomalía de Belady si se aumenta el número de marcos de memoria disponibles? Justifica tu respuesta.","No, porque es un algoritmo de pila. En estos se cumple la propiedad de inclusión: las páginas con n marcos son siempre un subconjunto de las de n+1 marcos, garantizando matemáticamente que más memoria nunca incrementará los fallos de página."
"82","INFERENCIA / CASOS DE BORDE","¿Qué permisos tendrá un fichero recién creado si el sistema tiene configurado umask 777?","Tendrá permisos nulos (---------). umask define qué permisos se desactivan; el valor 777 filtra todos los bits de lectura, escritura y ejecución para el dueño, el grupo y el resto de usuarios."
"83","INFERENCIA / CASOS DE BORDE","¿Por qué la transición de estado Listo a En ejecución no la puede realizar el propio proceso, sino que requiere la intervención del SO?","Porque un proceso en estado Listo no tiene asignada la CPU y no puede ejecutar ninguna instrucción. La transición debe realizarla el dispatcher del SO, que tiene el control del procesador y decide qué proceso pasa a ejecución."
"84","INFERENCIA / CASOS DE BORDE","Si un proceso necesita crecer en memoria pero no hay ningún hueco libre adyacente ni otro suficientemente grande, ¿qué opciones tiene el SO en un esquema de particiones dinámicas?","Puede realizar la compactación de memoria, desplazando procesos para consolidar huecos en uno mayor, o suspender al proceso enviándolo a disco (swapping) hasta que se libere un bloque contiguo suficiente."
"85","INFERENCIA / CASOS DE BORDE","¿Qué riesgo de seguridad supone tener el directorio . (directorio actual) al principio de la variable PATH?","Supone riesgo de suplantación (caballo de Troya). Un atacante puede colocar un ejecutable malicioso con el mismo nombre que una orden del sistema (como ls) en un directorio; al teclear la orden, el shell ejecutaría el programa malicioso local antes que el legítimo."
"86","INFERENCIA / CASOS DE BORDE","Si en el sistema solo hay una petición de disco pendiente en la cola, ¿tiene alguna ventaja usar SCAN frente a FCFS? Razona tu respuesta.","No tiene ventaja. SCAN optimiza el rendimiento reordenando múltiples peticiones acumuladas; si solo hay una, no hay nada que reordenar y en ambos casos el cabezal se moverá directamente a la pista solicitada."
"87","INFERENCIA / CASOS DE BORDE","Si mueves a otro disco el archivo al que apunta un enlace duro, ¿el enlace sigue siendo válido? ¿Por qué?","No. Los enlaces duros se basan en el número de i-nodo, válido solo dentro de un mismo sistema de ficheros. Al moverlo a otro disco, se le asigna un i-nodo nuevo y el enlace original apunta a un i-nodo que ya no contiene los datos originales."
"88","INFERENCIA / CASOS DE BORDE","¿Por qué una tabla de páginas de un solo nivel resulta inviable en sistemas de 64 bits?","Porque requeriría una cantidad astronómica de memoria física contigua solo para la tabla (petabytes). Los sistemas usan tablas multinivel o invertidas para almacenar solo las entradas de las páginas que realmente se usan."
"89","INFERENCIA / CASOS DE BORDE","Si un script de Bash ejecuta cd /tmp internamente y luego termina, ¿en qué directorio se encuentra el usuario al volver al shell? ¿Por qué?","En el directorio original. El script se ejecuta en un subshell independiente; al terminar, su entorno desaparece y el shell padre conserva su directorio de trabajo intacto."
"90","INFERENCIA / CASOS DE BORDE","¿Qué consecuencias tiene configurar un cuanto de tiempo demasiado pequeño en un sistema con planificación Round Robin?","Provoca sobrecarga excesiva (overhead). El procesador dedica demasiado tiempo a gestionar cambios de contexto (guardar/restaurar) en lugar de ejecución productiva de usuarios, degradando el rendimiento total."
"91","INFERENCIA / CASOS DE BORDE","Un sistema usa RAID 5. Si fallan simultáneamente dos discos del array, ¿es posible recuperar los datos? Explica por qué.","No. RAID 5 permite reconstruir la información de exactamente un disco mediante paridad distribuida; si fallan dos o más, se pierde la información y la redundancia necesaria para recalcular los bloques."
"92","INFERENCIA / CASOS DE BORDE","¿Por qué un proceso de tiempo real no debería ser desalojado de la CPU por el planificador del SO?","Porque tiene restricciones temporales estrictas. Si se desaloja, podría incumplir sus plazos de respuesta, lo que en entornos críticos tendría consecuencias desastrosas."
"93","INFERENCIA / CASOS DE BORDE","Cuando se borra un fichero cuyo contador de enlaces (n_enlaces) vale 1, ¿qué operaciones realiza el SO sobre el disco?","Elimina la entrada del directorio, libera el i-nodo en la tabla de i-nodos y añade los bloques de datos a la lista de bloques libres para su reutilización."
"94","INFERENCIA / CASOS DE BORDE","¿Qué sucede con la entrada .. en el directorio raíz (/) de un sistema Linux?","En el raíz, .. apunta al propio directorio raíz. Al no tener padre, el sistema lo define como su propio padre para evitar errores en comandos de navegación como cd .."